{
    "loss": 4.560205459594727,
    "accuracy": 0.5467625856399536
}