{
    "loss": 0.8808848857879639,
    "accuracy": 0.6402877569198608
}